billede,bind,linjer,svaere_linjer,forside
273098_001503,273098,17,5,273098_001495
273099_001445,273099,24,2,273099_001443
273100_001306,273100,26,4,273100_001301
273101_001165,273101,29,2,273101_001162
273102_001064,273102,24,3,273102_001063
273103_001462,273103,27,6,273103_001459
273104_001639,273104,22,9,273104_001636
273105_001570,273105,26,10,273105_001567
273106_001694,273106,22,1,273106_001692
273107_001864,273107,29,5,273107_001862
273108_001555,273108,18,6,273108_001552
273109_000081,273109,20,6,273109_000080
273110_001527,273110,25,3,273110_001524
273111_001376,273111,29,4,273111_001373
37554_001493,37554,19,4,37554_001490
