billede,gruppe,flyt_median,flyt_max,baand_paa_loftet,loft_px,sikker_ny
273098_001496,oeve,24,34,0,97,ja
273098_001497,oeve,22,33,0,94,ja
273098_001498,oeve,17,36,0,97,ja
273098_001499,oeve,16,38,0,94,ja
273098_001500,oeve,19,29,0,97,ja
273098_001501,oeve,19,32,0,95,ja
273098_001502,oeve,11,17,0,97,ja
273098_001503,oeve,11,20,0,95,ja
273098_001504,oeve,17,18,0,97,ja
273098_001505,oeve,16,24,0,95,ja
273098_001506,oeve,18,39,0,97,ja
273098_001508,oeve,15,30,0,97,ja
273098_001509,oeve,15,33,0,95,ja
273098_001510,oeve,17,31,0,97,ja
273098_001511,oeve,17,30,0,96,ja
273098_001512,oeve,30,34,0,98,ja
273098_001513,oeve,30,39,0,96,ja
273098_001514,oeve,13,31,0,97,ja
273099_001444,oeve,45,63,0,90,ja
273099_001445,oeve,46,66,0,106,ja
273099_001446,oeve,33,53,0,90,ja
273100_001258,oeve,38,45,0,85,ja
273100_001259,oeve,39,48,0,108,ja
273100_001260,oeve,32,52,0,86,ja
273100_001261,oeve,37,48,0,108,ja
273100_001262,oeve,38,44,0,86,ja
273100_001263,oeve,38,44,0,108,ja
273100_001264,oeve,24,32,0,86,ja
273100_001265,oeve,27,34,0,109,ja
273100_001266,oeve,32,45,0,86,ja
273100_001267,oeve,38,44,0,109,ja
273100_001268,oeve,3,17,0,97,ja
273100_001269,oeve,8,18,0,99,ja
273100_001270,oeve,23,28,0,94,ja
273100_001271,oeve,23,28,0,102,ja
273100_001272,oeve,16,39,0,94,ja
273100_001273,oeve,14,39,0,102,ja
273100_001274,oeve,20,22,0,94,ja
273100_001275,oeve,18,22,0,102,ja
273100_001276,oeve,20,27,0,93,ja
273100_001294,oeve,32,40,0,96,ja
273100_001295,oeve,32,41,0,101,ja
273100_001296,oeve,18,43,0,96,ja
273100_001297,oeve,23,45,0,101,ja
273100_001298,oeve,30,37,0,95,ja
273100_001299,oeve,24,36,0,100,ja
273100_001300,oeve,7,13,0,95,ja
273100_001302,oeve,28,35,0,95,ja
273100_001303,oeve,28,33,0,100,ja
273100_001304,oeve,0,7,0,95,ja
273100_001305,oeve,0,11,0,101,ja
273100_001306,oeve,24,29,0,94,ja
273100_001307,oeve,25,32,0,100,ja
273100_001308,oeve,21,31,0,94,ja
273100_001309,oeve,21,34,0,101,ja
273100_001310,oeve,13,29,0,93,ja
273100_001311,oeve,12,25,0,104,ja
273101_001163,oeve,19,29,0,87,ja
273101_001164,oeve,19,24,0,104,ja
273101_001165,oeve,16,26,0,99,ja
273101_001166,oeve,16,29,0,101,ja
273101_001167,oeve,34,37,0,99,ja
273101_001168,oeve,33,42,0,100,ja
273101_001169,oeve,12,71,0,99,ja
273102_001064,oeve,71,90,0,110,ja
273102_001065,oeve,68,88,0,113,ja
273102_001066,oeve,62,98,0,110,ja
273102_001067,oeve,63,86,0,113,ja
273102_001068,oeve,65,83,0,110,ja
273102_001069,oeve,65,82,0,113,ja
273102_001070,oeve,67,86,0,110,ja
273103_001436,oeve,45,55,0,90,ja
273103_001437,oeve,44,64,0,107,ja
273103_001438,oeve,25,32,0,90,ja
273103_001439,oeve,25,35,0,107,ja
273103_001440,oeve,32,40,0,90,ja
273103_001441,oeve,31,46,0,107,ja
273103_001442,oeve,26,39,0,90,ja
273103_001460,oeve,30,43,0,88,ja
273103_001461,oeve,28,46,0,103,ja
273103_001462,oeve,34,43,0,88,ja
273103_001463,oeve,33,46,0,102,ja
273103_001464,oeve,35,52,0,88,ja
273103_001465,oeve,34,55,0,103,ja
273103_001466,oeve,15,29,0,88,ja
273103_001467,oeve,17,29,0,103,ja
273103_001468,oeve,45,52,0,88,ja
273103_001469,oeve,45,55,0,104,ja
273103_001470,oeve,15,21,0,95,ja
273103_001471,oeve,14,20,0,102,ja
273104_001633,oeve,34,42,0,97,ja
273104_001634,oeve,32,47,0,108,ja
273104_001635,oeve,12,19,0,97,ja
273105_001552,oeve,29,42,0,102,ja
273105_001553,oeve,32,49,0,104,ja
273105_001554,oeve,19,24,0,102,ja
273105_001568,oeve,19,23,0,102,ja
273105_001569,oeve,19,23,0,104,ja
273105_001570,oeve,20,30,0,102,ja
273105_001571,oeve,22,32,0,104,ja
273105_001572,oeve,20,25,0,101,ja
273105_001573,oeve,21,27,0,104,ja
273105_001574,oeve,20,29,0,101,ja
273105_001644,oeve,38,54,0,102,ja
273105_001645,oeve,43,59,0,104,ja
273105_001646,oeve,20,34,0,102,ja
273105_001707,oeve,38,44,0,96,ja
273105_001708,oeve,39,43,0,109,ja
273105_001709,oeve,28,41,0,96,ja
273105_001710,oeve,29,62,0,108,ja
273105_001711,oeve,27,36,0,95,ja
273105_001712,oeve,27,36,0,108,ja
273105_001713,oeve,26,55,0,95,ja
273105_001714,oeve,25,53,0,107,ja
273105_001715,oeve,34,38,0,95,ja
273105_001716,oeve,34,44,0,108,ja
273105_001717,oeve,12,18,0,104,ja
273106_001693,oeve,9,19,0,105,ja
273106_001694,oeve,10,20,0,118,ja
273106_001695,oeve,6,9,0,105,ja
273107_001863,oeve,21,31,0,92,ja
273107_001864,oeve,20,30,0,118,ja
273107_001865,oeve,13,28,0,92,ja
273107_001866,oeve,14,28,0,119,ja
273107_001867,oeve,13,32,0,91,ja
273107_001868,oeve,16,34,0,119,ja
273107_001869,oeve,14,22,0,91,ja
273108_001537,oeve,22,26,0,103,ja
273108_001538,oeve,22,26,0,110,ja
273108_001539,oeve,6,16,0,103,ja
273108_001553,oeve,17,20,0,102,ja
273108_001554,oeve,17,21,0,110,ja
273108_001555,oeve,0,13,0,102,ja
273108_001556,oeve,0,14,0,110,ja
273108_001557,oeve,17,25,0,102,ja
273108_001558,oeve,15,24,0,110,ja
273108_001559,oeve,2,17,0,102,ja
273109_000081,oeve,28,82,0,108,ja
273109_000082,oeve,28,85,0,104,ja
273109_000083,oeve,31,108,1,108,ja
273110_001525,oeve,28,32,0,98,ja
273110_001526,oeve,29,32,0,113,ja
273110_001527,oeve,10,23,0,98,ja
273110_001528,oeve,12,23,0,112,ja
273110_001529,oeve,25,28,0,98,ja
273110_001530,oeve,25,29,0,113,ja
273110_001531,oeve,27,46,0,98,ja
273110_001532,oeve,28,45,0,114,ja
273110_001533,oeve,15,21,0,91,ja
273110_001534,oeve,12,25,0,120,ja
273111_001370,oeve,29,34,0,97,ja
273111_001371,oeve,28,33,0,117,ja
273111_001372,oeve,8,23,0,97,ja
273111_001374,oeve,21,29,0,97,ja
273111_001375,oeve,22,28,0,117,ja
273111_001376,oeve,8,19,0,97,ja
273111_001377,oeve,9,22,0,117,ja
273111_001378,oeve,13,27,0,97,ja
273111_001379,oeve,14,24,0,117,ja
273111_001380,oeve,0,17,0,112,nej
273111_001381,oeve,0,15,0,111,nej
37554_001413,oeve,20,37,0,111,ja
37554_001414,oeve,22,37,0,114,ja
37554_001415,oeve,8,17,0,111,ja
37554_001491,oeve,26,38,0,108,ja
37554_001492,oeve,29,41,0,114,ja
37554_001493,oeve,12,19,0,108,ja
37554_001494,oeve,13,18,0,114,ja
37554_001495,oeve,25,34,0,108,ja
37554_001496,oeve,30,37,0,114,ja
37554_001497,oeve,11,31,0,108,ja
37554_001498,oeve,10,30,0,113,ja
37554_001499,oeve,0,13,0,107,ja
273012_000882,ekstra_uden_facit,31,46,0,117,ja
273013_000954,ekstra_uden_facit,31,40,0,118,ja
273014_000780,ekstra_uden_facit,49,53,0,98,ja
273015_000616,ekstra_uden_facit,26,32,0,109,ja
273016_000364,ekstra_uden_facit,43,57,0,107,ja
273017_000200,ekstra_uden_facit,50,74,0,103,ja
273023_000884,ekstra_uden_facit,34,60,0,125,ja
273024_000262,ekstra_uden_facit,68,90,0,106,ja
273024_001127,ekstra_uden_facit,70,121,1,121,ja
273025_000112,ekstra_uden_facit,69,111,7,111,ja
273025_000904,ekstra_uden_facit,94,107,0,127,ja
273025_001784,ekstra_uden_facit,27,46,0,112,ja
273034_000808,ekstra_uden_facit,32,39,0,127,ja
273035_000244,ekstra_uden_facit,106,106,17,106,ja
273035_001018,ekstra_uden_facit,63,92,0,114,ja
273036_000476,ekstra_uden_facit,76,94,0,132,ja
273036_001330,ekstra_uden_facit,25,52,0,111,ja
273037_000562,ekstra_uden_facit,40,88,0,137,ja
273045_000840,ekstra_uden_facit,33,44,0,99,ja
273046_000350,ekstra_uden_facit,16,48,0,113,ja
273046_001269,ekstra_uden_facit,27,41,0,98,ja
273047_000580,ekstra_uden_facit,44,68,0,129,ja
273048_000102,ekstra_uden_facit,91,110,1,110,ja
273048_000910,ekstra_uden_facit,40,59,0,116,ja
273056_000952,ekstra_uden_facit,21,39,0,122,ja
273057_000498,ekstra_uden_facit,47,69,0,126,ja
273057_001382,ekstra_uden_facit,22,37,0,112,ja
273058_000692,ekstra_uden_facit,27,43,0,130,ja
273059_000110,ekstra_uden_facit,58,104,0,116,ja
273059_001054,ekstra_uden_facit,43,55,0,120,ja
273067_000906,ekstra_uden_facit,0,28,0,104,ja
273067_001910,ekstra_uden_facit,55,62,0,98,ja
273068_000711,ekstra_uden_facit,16,92,0,110,ja
273069_000072,ekstra_uden_facit,0,48,0,101,nej
273069_000948,ekstra_uden_facit,4,70,0,103,ja
273070_000212,ekstra_uden_facit,13,31,0,106,ja
273084_001224,ekstra_uden_facit,13,28,0,97,ja
273085_000070,ekstra_uden_facit,21,69,0,90,ja
273085_001208,ekstra_uden_facit,0,29,0,102,ja
273086_000042,ekstra_uden_facit,0,97,0,103,ja
273086_001346,ekstra_uden_facit,42,73,0,101,ja
273087_000496,ekstra_uden_facit,36,48,0,126,ja
273095_001478,ekstra_uden_facit,32,61,0,94,ja
273096_001232,ekstra_uden_facit,48,64,0,103,ja
273097_000899,ekstra_uden_facit,33,40,0,110,ja
273098_000446,ekstra_uden_facit,23,43,0,108,ja
273099_000152,ekstra_uden_facit,27,108,0,110,nej
273099_001340,ekstra_uden_facit,27,32,0,92,ja
273106_001345,ekstra_uden_facit,28,46,0,117,ja
273107_000971,ekstra_uden_facit,29,43,0,97,ja
273098_001472,proeve_LAAST,39,47,0,100,ja
273098_001473,proeve_LAAST,39,53,0,99,ja
273098_001474,proeve_LAAST,22,40,0,99,ja
273099_001360,proeve_LAAST,23,32,0,96,ja
273099_001361,proeve_LAAST,24,29,0,105,ja
273099_001362,proeve_LAAST,28,31,0,95,ja
273099_001363,proeve_LAAST,28,31,0,105,ja
273099_001364,proeve_LAAST,29,33,0,95,ja
273099_001365,proeve_LAAST,29,32,0,105,ja
273099_001366,proeve_LAAST,30,39,0,95,ja
273100_001278,proeve_LAAST,31,36,0,93,ja
273100_001279,proeve_LAAST,31,34,0,103,ja
273100_001280,proeve_LAAST,9,16,0,91,ja
273100_001281,proeve_LAAST,11,16,0,104,ja
273100_001282,proeve_LAAST,28,31,0,91,ja
273100_001283,proeve_LAAST,28,33,0,105,ja
273100_001284,proeve_LAAST,13,18,0,90,ja
273101_001099,proeve_LAAST,36,65,0,104,ja
273101_001100,proeve_LAAST,27,61,0,99,ja
273101_001101,proeve_LAAST,48,54,0,104,ja
273101_001102,proeve_LAAST,48,52,0,98,ja
273101_001103,proeve_LAAST,45,51,0,104,ja
273101_001104,proeve_LAAST,46,52,0,98,ja
273101_001105,proeve_LAAST,78,91,0,133,ja
273101_001106,proeve_LAAST,26,40,0,99,ja
273101_001107,proeve_LAAST,37,52,0,104,ja
273101_001108,proeve_LAAST,37,49,0,99,ja
273101_001109,proeve_LAAST,21,36,0,104,ja
273102_001072,proeve_LAAST,70,93,0,110,ja
273102_001073,proeve_LAAST,68,88,0,113,ja
273102_001074,proeve_LAAST,65,108,0,110,ja
273104_001559,proeve_LAAST,18,32,0,100,ja
273104_001560,proeve_LAAST,19,35,0,107,ja
273104_001561,proeve_LAAST,19,33,0,100,ja
273104_001562,proeve_LAAST,19,35,0,107,ja
273104_001563,proeve_LAAST,30,34,0,99,ja
273104_001564,proeve_LAAST,29,38,0,108,ja
273104_001565,proeve_LAAST,20,49,0,99,ja
273104_001649,proeve_LAAST,38,64,0,99,ja
273104_001650,proeve_LAAST,39,67,0,91,ja
273104_001651,proeve_LAAST,7,20,0,98,ja
273105_001628,proeve_LAAST,31,33,0,105,ja
273105_001629,proeve_LAAST,31,34,0,102,ja
273105_001630,proeve_LAAST,19,27,0,103,ja
273105_001631,proeve_LAAST,18,23,0,103,ja
273105_001632,proeve_LAAST,22,26,0,103,ja
273105_001633,proeve_LAAST,22,26,0,104,ja
273105_001634,proeve_LAAST,20,39,0,103,ja
273106_001617,proeve_LAAST,31,35,0,108,ja
273106_001618,proeve_LAAST,33,35,0,119,ja
273106_001619,proeve_LAAST,10,18,0,109,ja
273106_001620,proeve_LAAST,10,15,0,119,ja
273106_001621,proeve_LAAST,11,18,0,109,ja
273106_001622,proeve_LAAST,11,22,0,119,ja
273106_001623,proeve_LAAST,10,19,0,109,ja
273107_001883,proeve_LAAST,5,29,0,90,ja
273107_001884,proeve_LAAST,16,31,0,120,ja
273107_001885,proeve_LAAST,28,48,0,91,ja
273107_001886,proeve_LAAST,30,48,0,119,ja
273107_001887,proeve_LAAST,28,42,0,90,ja
273107_001888,proeve_LAAST,28,42,0,119,ja
273107_001889,proeve_LAAST,12,23,0,90,ja
273108_001597,proeve_LAAST,0,9,0,99,ja
273108_001598,proeve_LAAST,0,10,0,111,ja
273108_001599,proeve_LAAST,0,8,0,99,ja
273108_001600,proeve_LAAST,0,9,0,111,ja
273108_001601,proeve_LAAST,13,22,0,99,ja
273108_001602,proeve_LAAST,12,18,0,111,ja
273108_001603,proeve_LAAST,0,7,0,99,ja
273108_001604,proeve_LAAST,0,7,0,111,ja
273108_001605,proeve_LAAST,0,6,0,99,ja
273108_001606,proeve_LAAST,0,6,0,110,ja
273108_001607,proeve_LAAST,0,30,0,94,ja
273108_001608,proeve_LAAST,7,27,0,113,ja
273111_001366,proeve_LAAST,17,42,0,97,ja
273111_001367,proeve_LAAST,21,41,0,117,ja
273111_001368,proeve_LAAST,9,18,0,97,ja
273112_001201,proeve_LAAST,42,48,0,102,ja
273112_001202,proeve_LAAST,41,49,0,114,ja
273112_001203,proeve_LAAST,9,20,0,102,ja
273112_001204,proeve_LAAST,11,15,0,115,ja
273112_001205,proeve_LAAST,22,31,0,102,ja
273112_001206,proeve_LAAST,24,34,0,115,ja
273112_001207,proeve_LAAST,10,15,0,101,ja
273104_001637,selvhentet,30,40,0,96,ja
273104_001638,selvhentet,33,45,0,108,ja
273104_001639,selvhentet,0,8,0,96,ja
273104_001640,selvhentet,0,12,0,108,ja
273104_001641,selvhentet,27,38,0,96,ja
273104_001642,selvhentet,26,41,0,108,ja
273104_001643,selvhentet,25,63,0,95,ja
273104_001644,selvhentet,25,60,0,107,ja
273104_001645,selvhentet,34,44,0,98,ja
273104_001646,selvhentet,34,43,0,91,ja
