billede,gruppe,fremmed,soejle,note,dom
273098_001496,oeve,0.932,0,,ok
273098_001497,oeve,0.927,1320,,ok
273098_001498,oeve,0.926,30,,ok
273098_001499,oeve,0.924,1319,,ok
273098_001500,oeve,0.931,0,,ok
273098_001501,oeve,0.928,1313,,ok
273098_001502,oeve,0.932,30,,ok
273098_001503,oeve,0.93,1275,,ok
273098_001504,oeve,0.932,30,,ok
273098_001505,oeve,0.929,1280,,ok
273098_001506,oeve,0.933,0,,ok
273098_001508,oeve,0.93,0,,ok
273098_001509,oeve,0.926,1315,,ok
273098_001510,oeve,0.928,0,,ok
273098_001511,oeve,0.93,1282,,ok
273098_001512,oeve,0.93,0,,ok
273098_001513,oeve,0.928,1316,,ok
273098_001514,oeve,0.922,0,,ok
273099_001444,oeve,0.929,0,,ok
273099_001445,oeve,0.925,1329,,ok
273099_001446,oeve,0.931,0,,ok
273100_001258,oeve,0.926,0,,ok
273100_001259,oeve,0.93,1322,,ok
273100_001260,oeve,0.932,0,,ok
273100_001261,oeve,0.93,1343,,ok
273100_001262,oeve,0.932,0,,ok
273100_001263,oeve,0.931,1330,,ok
273100_001264,oeve,0.933,0,,ok
273100_001265,oeve,0.933,1326,,ok
273100_001266,oeve,0.931,0,,ok
273100_001267,oeve,0.93,1332,,ok
273100_001268,oeve,0.932,30,,ok
273100_001269,oeve,0.932,1324,,ok
273100_001270,oeve,0.931,0,,ok
273100_001271,oeve,0.93,1318,,ok
273100_001272,oeve,0.93,0,,ok
273100_001273,oeve,0.929,1333,,nabo_let
273100_001274,oeve,0.93,0,,ok
273100_001275,oeve,0.933,1323,,ok
273100_001276,oeve,0.93,0,,ok
273100_001294,oeve,0.913,0,,ok
273100_001295,oeve,0.932,1316,,ok
273100_001296,oeve,0.928,0,,ok
273100_001297,oeve,0.927,1260,,ok
273100_001298,oeve,0.931,0,,ok
273100_001299,oeve,0.929,1256,,ok
273100_001300,oeve,0.929,0,,ok
273100_001302,oeve,0.93,0,,ok
273100_001303,oeve,0.927,1260,,ok
273100_001304,oeve,0.927,0,,ok
273100_001305,oeve,0.925,1263,,ok
273100_001306,oeve,0.933,0,,ok
273100_001307,oeve,0.929,1259,,ok
273100_001308,oeve,0.93,0,,ok
273100_001309,oeve,0.926,1257,,ok
273100_001310,oeve,0.893,0,,ok
273100_001311,oeve,0.902,1311,,ok
273101_001163,oeve,0.854,30,,ok
273101_001164,oeve,0.926,1262,,ok
273101_001165,oeve,0.928,0,,ok
273101_001166,oeve,0.92,1320,,ok
273101_001167,oeve,0.931,0,,ok
273101_001168,oeve,0.93,1262,,ok
273101_001169,oeve,0.93,0,,ok
273102_001064,oeve,0.936,0,,ok
273102_001065,oeve,0.942,1384,,ok
273102_001066,oeve,0.936,0,,ok
273102_001067,oeve,0.938,1379,,ok
273102_001068,oeve,0.936,0,,ok
273102_001069,oeve,0.941,1382,,ok
273102_001070,oeve,0.938,0,,ok
273103_001436,oeve,0.912,0,,ok
273103_001437,oeve,0.917,1375,,ok
273103_001438,oeve,0.927,0,,ok
273103_001439,oeve,0.912,1322,,ok
273103_001440,oeve,0.93,0,,ok
273103_001441,oeve,0.917,1325,,ok
273103_001442,oeve,0.931,0,,ok
273103_001460,oeve,0.923,0,,ok
273103_001461,oeve,0.925,1311,,ok
273103_001462,oeve,0.924,0,,ok
273103_001463,oeve,0.924,1326,,ok
273103_001464,oeve,0.925,0,,ok
273103_001465,oeve,0.917,1308,,ok
273103_001466,oeve,0.921,0,,ok
273103_001467,oeve,0.918,1327,,ok
273103_001468,oeve,0.924,0,,ok
273103_001469,oeve,0.916,1308,,ok
273103_001470,oeve,0.928,30,,ok
273103_001471,oeve,0.922,1337,,ok
273104_001633,oeve,0.934,30,,ok
273104_001634,oeve,0.925,1335,,ok
273104_001635,oeve,0.933,30,,ok
273105_001552,oeve,0.925,0,,ok
273105_001553,oeve,0.914,1393,,nabo_let
273105_001554,oeve,0.932,0,,ok
273105_001568,oeve,0.93,0,,ok
273105_001569,oeve,0.923,1382,,ok
273105_001570,oeve,0.926,0,,ok
273105_001571,oeve,0.925,1383,,ok
273105_001572,oeve,0.929,0,,ok
273105_001573,oeve,0.921,1388,,ok
273105_001574,oeve,0.928,0,,ok
273105_001644,oeve,0.917,0,,ok
273105_001645,oeve,0.926,1329,,ok
273105_001646,oeve,0.926,30,,ok
273105_001707,oeve,0.886,30,,ok
273105_001708,oeve,0.899,1335,,ok
273105_001709,oeve,0.926,0,,ok
273105_001710,oeve,0.92,1320,,ok
273105_001711,oeve,0.933,0,,ok
273105_001712,oeve,0.923,1311,,ok
273105_001713,oeve,0.933,0,,ok
273105_001714,oeve,0.923,1330,,ok
273105_001715,oeve,0.928,0,,ok
273105_001716,oeve,0.916,1323,,ok
273105_001717,oeve,0.926,30,,ok
273106_001693,oeve,0.931,0,,ok
273106_001694,oeve,0.934,1255,,ok
273106_001695,oeve,0.938,0,,ok
273107_001863,oeve,0.936,0,,ok
273107_001864,oeve,0.935,1264,,ok
273107_001865,oeve,0.937,0,,ok
273107_001866,oeve,0.937,1262,,ok
273107_001867,oeve,0.937,0,,ok
273107_001868,oeve,0.939,1259,,ok
273107_001869,oeve,0.939,0,,ok
273108_001537,oeve,0.936,0,,ok
273108_001538,oeve,0.936,1305,,ok
273108_001539,oeve,0.935,0,,ok
273108_001553,oeve,0.927,30,,ok
273108_001554,oeve,0.937,1264,,ok
273108_001555,oeve,0.932,0,,ok
273108_001556,oeve,0.936,1244,,ok
273108_001557,oeve,0.934,0,,ok
273108_001558,oeve,0.936,1261,,ok
273108_001559,oeve,0.933,0,,ok
273109_000081,oeve,0.934,0,,ok
273109_000082,oeve,0.926,1203,,ok
273109_000083,oeve,0.935,0,,ok
273110_001525,oeve,0.938,0,,ok
273110_001526,oeve,0.923,1247,,ok
273110_001527,oeve,0.92,0,,ok
273110_001528,oeve,0.937,1247,,ok
273110_001529,oeve,0.938,0,,ok
273110_001530,oeve,0.934,1245,,ok
273110_001531,oeve,0.937,0,,ok
273110_001532,oeve,0.927,1258,,ok
273110_001533,oeve,0.933,0,,ok
273110_001534,oeve,0.909,1323,,ok
273111_001370,oeve,0.927,0,,ok
273111_001371,oeve,0.911,1250,,ok
273111_001372,oeve,0.94,0,,ok
273111_001374,oeve,0.935,0,,ok
273111_001375,oeve,0.932,1244,,ok
273111_001376,oeve,0.94,0,,ok
273111_001377,oeve,0.935,1205,,ok
273111_001378,oeve,0.941,0,,ok
273111_001379,oeve,0.926,1245,,ok
273111_001380,oeve,0.938,0,,ok
273111_001381,oeve,0.918,1258,,ok
37554_001413,oeve,0.931,0,,ok
37554_001414,oeve,0.934,1268,,ok
37554_001415,oeve,0.929,0,,ok
37554_001491,oeve,0.935,0,,ok
37554_001492,oeve,0.934,1304,,ok
37554_001493,oeve,0.934,0,,ok
37554_001494,oeve,0.936,1272,,ok
37554_001495,oeve,0.926,30,,ok
37554_001496,oeve,0.939,1304,,ok
37554_001497,oeve,0.878,0,,ok
37554_001498,oeve,0.941,1246,,ok
37554_001499,oeve,0.935,0,,ok
273012_000882,ekstra_uden_facit,0.936,0,,ok
273013_000954,ekstra_uden_facit,0.933,0,,ok
273014_000780,ekstra_uden_facit,0.892,0,,ok
273015_000616,ekstra_uden_facit,0.923,0,,ok
273016_000364,ekstra_uden_facit,0.918,0,,ok
273017_000200,ekstra_uden_facit,0.922,30,,ok
273023_000884,ekstra_uden_facit,0.937,0,,ok
273024_000262,ekstra_uden_facit,0.924,0,,ok
273024_001127,ekstra_uden_facit,0.929,0,,ok
273025_000112,ekstra_uden_facit,0.932,0,,ok
273025_000904,ekstra_uden_facit,0.934,0,,ok
273025_001784,ekstra_uden_facit,0.922,0,,ok
273034_000808,ekstra_uden_facit,0.938,0,,ok
273035_000244,ekstra_uden_facit,0.939,0,,ok
273035_001018,ekstra_uden_facit,0.937,0,,ok
273036_000476,ekstra_uden_facit,0.928,0,,ok
273036_001330,ekstra_uden_facit,0.902,30,,ok
273037_000562,ekstra_uden_facit,0.906,0,,ok
273045_000840,ekstra_uden_facit,0.919,0,,ok
273046_000350,ekstra_uden_facit,0.91,0,,ok
273046_001269,ekstra_uden_facit,0.928,0,,ok
273047_000580,ekstra_uden_facit,0.822,0,,ok
273048_000102,ekstra_uden_facit,0.942,0,,ok
273048_000910,ekstra_uden_facit,0.935,0,,ok
273056_000952,ekstra_uden_facit,0.936,0,,ok
273057_000498,ekstra_uden_facit,0.933,0,,ok
273057_001382,ekstra_uden_facit,0.899,0,,ok
273058_000692,ekstra_uden_facit,0.91,0,,ok
273059_000110,ekstra_uden_facit,0.936,0,,ok
273059_001054,ekstra_uden_facit,0.93,0,,ok
273067_000906,ekstra_uden_facit,0.929,0,,ok
273067_001910,ekstra_uden_facit,0.932,0,,ok
273068_000711,ekstra_uden_facit,0.928,0,,ok
273069_000072,ekstra_uden_facit,0.947,0,,ok
273069_000948,ekstra_uden_facit,0.929,0,,ok
273070_000212,ekstra_uden_facit,0.926,0,,ok
273084_001224,ekstra_uden_facit,0.873,0,,ok
273085_000070,ekstra_uden_facit,0.926,30,,ok
273085_001208,ekstra_uden_facit,0.932,0,,ok
273086_000042,ekstra_uden_facit,0.927,30,,ok
273086_001346,ekstra_uden_facit,0.895,0,,ok
273087_000496,ekstra_uden_facit,0.937,0,,ok
273095_001478,ekstra_uden_facit,0.876,0,,ok
273096_001232,ekstra_uden_facit,0.755,30,,ok
273097_000899,ekstra_uden_facit,0.923,0,,ok
273098_000446,ekstra_uden_facit,0.929,0,,ok
273099_000152,ekstra_uden_facit,0.927,0,,ok
273099_001340,ekstra_uden_facit,0.922,30,,ok
273106_001345,ekstra_uden_facit,0.941,0,,ok
273107_000971,ekstra_uden_facit,0.934,0,,ok
273098_001472,proeve_LAAST,0.93,0,,ok
273098_001473,proeve_LAAST,0.919,1211,,ok
273098_001474,proeve_LAAST,0.918,0,,ok
273099_001360,proeve_LAAST,0.925,0,,ok
273099_001361,proeve_LAAST,0.931,1332,,ok
273099_001362,proeve_LAAST,0.931,30,,ok
273099_001363,proeve_LAAST,0.931,1331,,ok
273099_001364,proeve_LAAST,0.928,0,,ok
273099_001365,proeve_LAAST,0.933,1324,,ok
273099_001366,proeve_LAAST,0.929,0,,ok
273100_001278,proeve_LAAST,0.929,0,,ok
273100_001279,proeve_LAAST,0.929,1323,,ok
273100_001280,proeve_LAAST,0.932,0,,ok
273100_001281,proeve_LAAST,0.927,1278,,ok
273100_001282,proeve_LAAST,0.931,0,,ok
273100_001283,proeve_LAAST,0.929,1282,,ok
273100_001284,proeve_LAAST,0.932,0,,ok
273101_001099,proeve_LAAST,0.924,0,,ok
273101_001100,proeve_LAAST,0.931,1278,,ok
273101_001101,proeve_LAAST,0.918,0,,ok
273101_001102,proeve_LAAST,0.933,1320,,ok
273101_001103,proeve_LAAST,0.923,0,,ok
273101_001104,proeve_LAAST,0.932,1314,,ok
273101_001105,proeve_LAAST,0.923,30,,ok
273101_001106,proeve_LAAST,0.932,1315,,ok
273101_001107,proeve_LAAST,0.923,0,,ok
273101_001108,proeve_LAAST,0.932,1309,,ok
273101_001109,proeve_LAAST,0.925,0,,ok
273102_001072,proeve_LAAST,0.935,0,,ok
273102_001073,proeve_LAAST,0.94,1380,,ok
273102_001074,proeve_LAAST,0.936,0,,ok
273104_001559,proeve_LAAST,0.934,0,,ok
273104_001560,proeve_LAAST,0.92,1324,,ok
273104_001561,proeve_LAAST,0.934,0,,ok
273104_001562,proeve_LAAST,0.921,1327,,ok
273104_001563,proeve_LAAST,0.924,0,,ok
273104_001564,proeve_LAAST,0.922,1335,,ok
273104_001565,proeve_LAAST,0.926,0,,ok
273104_001649,proeve_LAAST,0.924,0,,ok
273104_001650,proeve_LAAST,0.925,1263,,ok
273104_001651,proeve_LAAST,0.929,0,,ok
273105_001628,proeve_LAAST,0.931,0,,ok
273105_001629,proeve_LAAST,0.93,1340,,ok
273105_001630,proeve_LAAST,0.926,0,,ok
273105_001631,proeve_LAAST,0.929,1371,,ok
273105_001632,proeve_LAAST,0.929,0,,ok
273105_001633,proeve_LAAST,0.929,1332,,ok
273105_001634,proeve_LAAST,0.924,0,,ok
273106_001617,proeve_LAAST,0.938,0,,ok
273106_001618,proeve_LAAST,0.931,1322,,ok
273106_001619,proeve_LAAST,0.937,0,,ok
273106_001620,proeve_LAAST,0.932,1316,,ok
273106_001621,proeve_LAAST,0.937,0,,ok
273106_001622,proeve_LAAST,0.932,1314,,ok
273106_001623,proeve_LAAST,0.937,0,,ok
273107_001883,proeve_LAAST,0.936,0,,ok
273107_001884,proeve_LAAST,0.936,1255,,ok
273107_001885,proeve_LAAST,0.93,0,,ok
273107_001886,proeve_LAAST,0.933,1256,,ok
273107_001887,proeve_LAAST,0.94,0,,ok
273107_001888,proeve_LAAST,0.936,1250,,ok
273107_001889,proeve_LAAST,0.937,0,,ok
273108_001597,proeve_LAAST,0.938,0,,ok
273108_001598,proeve_LAAST,0.934,1240,,ok
273108_001599,proeve_LAAST,0.936,0,,ok
273108_001600,proeve_LAAST,0.908,1257,,ok
273108_001601,proeve_LAAST,0.934,0,,ok
273108_001602,proeve_LAAST,0.937,1241,,ok
273108_001603,proeve_LAAST,0.938,0,,nabo_let
273108_001604,proeve_LAAST,0.93,1248,,ok
273108_001605,proeve_LAAST,0.937,0,,ok
273108_001606,proeve_LAAST,0.937,1239,,ok
273108_001607,proeve_LAAST,0.927,0,,ok
273108_001608,proeve_LAAST,0.91,1246,,ok
273111_001366,proeve_LAAST,0.941,0,,ok
273111_001367,proeve_LAAST,0.93,1246,,ok
273111_001368,proeve_LAAST,0.939,0,,ok
273112_001201,proeve_LAAST,0.938,0,,ok
273112_001202,proeve_LAAST,0.935,1322,,ok
273112_001203,proeve_LAAST,0.936,0,,ok
273112_001204,proeve_LAAST,0.939,1311,,ok
273112_001205,proeve_LAAST,0.937,0,,ok
273112_001206,proeve_LAAST,0.938,1319,,ok
273112_001207,proeve_LAAST,0.942,0,,ok
273104_001637,selvhentet,0.929,30,,ok
273104_001638,selvhentet,0.928,1316,,ok
273104_001639,selvhentet,0.929,30,,ok
273104_001640,selvhentet,0.921,1313,,nabo
273104_001641,selvhentet,0.929,30,,ok
273104_001642,selvhentet,0.92,1320,,ok
273104_001643,selvhentet,0.928,30,,ok
273104_001644,selvhentet,0.922,1256,,ok
273104_001645,selvhentet,0.931,30,,ok
273104_001646,selvhentet,0.926,1256,,ok
