billede,gruppe,flyt_px,baand,note,dom
273098_001496,oeve,3,24,,ok
273098_001497,oeve,21,23,,ok
273098_001498,oeve,10,21,,ok
273098_001499,oeve,13,23,,ok
273098_001500,oeve,4,24,,ok
273098_001501,oeve,25,21,,ok
273098_001502,oeve,17,22,,ok
273098_001503,oeve,10,23,,ok
273098_001504,oeve,9,23,,ok
273098_001505,oeve,17,23,,ok
273098_001506,oeve,27,21,,ok
273098_001508,oeve,33,19,,ok
273098_001509,oeve,20,21,,ok
273098_001510,oeve,82,19,,ok
273098_001511,oeve,120,14,,ok
273098_001512,oeve,23,19,,ok
273098_001513,oeve,16,19,,ok
273098_001514,oeve,31,20,,ok
273099_001444,oeve,16,23,,ok
273099_001445,oeve,16,24,,ok
273099_001446,oeve,30,20,,ok
273100_001258,oeve,25,24,,ok
273100_001259,oeve,7,24,,ok
273100_001260,oeve,170,14,,ok
273100_001261,oeve,116,16,,ok
273100_001262,oeve,111,16,,ok
273100_001263,oeve,170,14,,ok
273100_001264,oeve,65,18,,ok
273100_001265,oeve,-18,24,,ok
273100_001266,oeve,16,22,,ok
273100_001267,oeve,20,22,,ok
273100_001268,oeve,82,14,,ok
273100_001269,oeve,12,19,,ok
273100_001270,oeve,16,24,,ok
273100_001271,oeve,23,24,,ok
273100_001272,oeve,18,23,,ok
273100_001273,oeve,58,24,,nabo_let
273100_001274,oeve,5,23,,ok
273100_001275,oeve,18,21,,ok
273100_001276,oeve,47,20,,ok
273100_001294,oeve,10,24,,ok
273100_001295,oeve,9,21,,ok
273100_001296,oeve,10,24,,ok
273100_001297,oeve,26,21,,ok
273100_001298,oeve,13,23,,ok
273100_001299,oeve,20,22,,ok
273100_001300,oeve,10,23,,ok
273100_001302,oeve,17,21,,ok
273100_001303,oeve,32,21,,ok
273100_001304,oeve,158,14,,ok
273100_001305,oeve,12,22,,ok
273100_001306,oeve,26,24,,ok
273100_001307,oeve,28,19,,ok
273100_001308,oeve,23,23,,ok
273100_001309,oeve,46,17,,ok
273100_001310,oeve,40,19,,ok
273100_001311,oeve,103,15,,ok
273101_001163,oeve,37,24,,ok
273101_001164,oeve,25,23,,ok
273101_001165,oeve,61,17,,ok
273101_001166,oeve,10,23,,ok
273101_001167,oeve,14,23,,ok
273101_001168,oeve,21,23,,ok
273101_001169,oeve,18,23,,ok
273102_001064,oeve,18,24,,ok
273102_001065,oeve,7,22,,ok
273102_001066,oeve,10,24,,ok
273102_001067,oeve,10,24,,ok
273102_001068,oeve,18,23,,ok
273102_001069,oeve,1,23,,ok
273102_001070,oeve,25,24,,ok
273103_001436,oeve,146,15,,ok
273103_001437,oeve,19,20,,ok
273103_001438,oeve,86,17,,ok
273103_001439,oeve,12,23,,ok
273103_001440,oeve,15,23,,ok
273103_001441,oeve,15,24,,ok
273103_001442,oeve,31,22,,ok
273103_001460,oeve,51,18,,ok
273103_001461,oeve,26,22,,ok
273103_001462,oeve,39,19,,ok
273103_001463,oeve,14,24,,ok
273103_001464,oeve,91,15,,ok
273103_001465,oeve,14,24,,ok
273103_001466,oeve,74,21,,ok
273103_001467,oeve,18,20,,ok
273103_001468,oeve,35,22,,ok
273103_001469,oeve,17,22,,ok
273103_001470,oeve,23,23,,ok
273103_001471,oeve,134,19,,ok
273104_001633,oeve,180,14,,ok
273104_001634,oeve,14,24,,ok
273104_001635,oeve,30,20,,ok
273105_001552,oeve,11,23,,ok
273105_001553,oeve,40,19,,nabo_let
273105_001554,oeve,13,21,,ok
273105_001568,oeve,13,24,,ok
273105_001569,oeve,6,21,,ok
273105_001570,oeve,15,24,,ok
273105_001571,oeve,17,23,,ok
273105_001572,oeve,11,24,,ok
273105_001573,oeve,12,24,,ok
273105_001574,oeve,23,24,,ok
273105_001644,oeve,4,24,,ok
273105_001645,oeve,8,20,,ok
273105_001646,oeve,37,17,,ok
273105_001707,oeve,9,23,,ok
273105_001708,oeve,131,15,,ok
273105_001709,oeve,143,16,,ok
273105_001710,oeve,8,24,,ok
273105_001711,oeve,18,24,,ok
273105_001712,oeve,25,22,,ok
273105_001713,oeve,23,20,,ok
273105_001714,oeve,16,22,,ok
273105_001715,oeve,6,24,,ok
273105_001716,oeve,27,21,,ok
273105_001717,oeve,6,24,,ok
273106_001693,oeve,19,21,,ok
273106_001694,oeve,15,23,,ok
273106_001695,oeve,16,20,,ok
273107_001863,oeve,20,20,,ok
273107_001864,oeve,8,22,,ok
273107_001865,oeve,137,14,,ok
273107_001866,oeve,7,23,,ok
273107_001867,oeve,11,24,,ok
273107_001868,oeve,7,24,,ok
273107_001869,oeve,13,23,,ok
273108_001537,oeve,8,23,,ok
273108_001538,oeve,6,24,,ok
273108_001539,oeve,21,21,,ok
273108_001553,oeve,8,24,,ok
273108_001554,oeve,2,23,,ok
273108_001555,oeve,6,22,,ok
273108_001556,oeve,10,24,,ok
273108_001557,oeve,3,24,,ok
273108_001558,oeve,9,24,,ok
273108_001559,oeve,9,24,,ok
273109_000081,oeve,20,22,,ok
273109_000082,oeve,6,24,,ok
273109_000083,oeve,47,23,,ok
273110_001525,oeve,11,22,,ok
273110_001526,oeve,8,23,,ok
273110_001527,oeve,26,24,,ok
273110_001528,oeve,5,24,,ok
273110_001529,oeve,7,22,,ok
273110_001530,oeve,8,23,,ok
273110_001531,oeve,16,20,,ok
273110_001532,oeve,9,23,,ok
273110_001533,oeve,22,21,,ok
273110_001534,oeve,228,15,,ok
273111_001370,oeve,92,14,,ok
273111_001371,oeve,11,24,,ok
273111_001372,oeve,13,21,,ok
273111_001374,oeve,46,18,,ok
273111_001375,oeve,8,24,,ok
273111_001376,oeve,7,24,,ok
273111_001377,oeve,4,24,,ok
273111_001378,oeve,51,16,,ok
273111_001379,oeve,6,24,,ok
273111_001380,oeve,39,20,,ok
273111_001381,oeve,10,23,,ok
37554_001413,oeve,8,23,,ok
37554_001414,oeve,13,24,,ok
37554_001415,oeve,11,22,,ok
37554_001491,oeve,16,23,,ok
37554_001492,oeve,13,24,,ok
37554_001493,oeve,157,15,,ok
37554_001494,oeve,-14,23,,ok
37554_001495,oeve,8,24,,ok
37554_001496,oeve,6,23,,ok
37554_001497,oeve,180,15,,ok
37554_001498,oeve,6,24,,ok
37554_001499,oeve,20,22,,ok
273012_000882,ekstra_uden_facit,16,22,,ok
273013_000954,ekstra_uden_facit,18,24,,ok
273014_000780,ekstra_uden_facit,23,24,,ok
273015_000616,ekstra_uden_facit,19,24,,ok
273016_000364,ekstra_uden_facit,3,23,,ok
273017_000200,ekstra_uden_facit,9,23,,ok
273023_000884,ekstra_uden_facit,116,14,,ok
273024_000262,ekstra_uden_facit,7,23,,ok
273024_001127,ekstra_uden_facit,16,23,,ok
273025_000112,ekstra_uden_facit,125,17,,ok
273025_000904,ekstra_uden_facit,91,19,,ok
273025_001784,ekstra_uden_facit,119,17,,ok
273034_000808,ekstra_uden_facit,22,17,,ok
273035_000244,ekstra_uden_facit,7,20,,ok
273035_001018,ekstra_uden_facit,32,22,,ok
273036_000476,ekstra_uden_facit,132,18,,ok
273036_001330,ekstra_uden_facit,72,19,,ok
273037_000562,ekstra_uden_facit,27,20,,ok
273045_000840,ekstra_uden_facit,2,23,,ok
273046_000350,ekstra_uden_facit,67,22,,ok
273046_001269,ekstra_uden_facit,64,15,,ok
273047_000580,ekstra_uden_facit,127,16,,ok
273048_000102,ekstra_uden_facit,5,21,,ok
273048_000910,ekstra_uden_facit,7,23,,ok
273056_000952,ekstra_uden_facit,26,20,,ok
273057_000498,ekstra_uden_facit,27,22,,ok
273057_001382,ekstra_uden_facit,10,23,,ok
273058_000692,ekstra_uden_facit,4,24,,ok
273059_000110,ekstra_uden_facit,205,16,,ok
273059_001054,ekstra_uden_facit,162,22,,ok
273067_000906,ekstra_uden_facit,4,24,,ok
273067_001910,ekstra_uden_facit,5,24,,ok
273068_000711,ekstra_uden_facit,28,24,,ok
273069_000072,ekstra_uden_facit,17,23,,ok
273069_000948,ekstra_uden_facit,6,23,,ok
273070_000212,ekstra_uden_facit,10,21,,ok
273084_001224,ekstra_uden_facit,182,16,,ok
273085_000070,ekstra_uden_facit,27,16,,ok
273085_001208,ekstra_uden_facit,47,17,,ok
273086_000042,ekstra_uden_facit,220,17,,ok
273086_001346,ekstra_uden_facit,112,14,,ok
273087_000496,ekstra_uden_facit,20,21,,ok
273095_001478,ekstra_uden_facit,102,16,,ok
273096_001232,ekstra_uden_facit,123,18,,ok
273097_000899,ekstra_uden_facit,63,19,,ok
273098_000446,ekstra_uden_facit,134,19,,ok
273099_000152,ekstra_uden_facit,40,19,,ok
273099_001340,ekstra_uden_facit,31,20,,ok
273106_001345,ekstra_uden_facit,8,24,,ok
273107_000971,ekstra_uden_facit,5,23,,ok
273098_001472,proeve_LAAST,8,24,,ok
273098_001473,proeve_LAAST,11,23,,ok
273098_001474,proeve_LAAST,37,20,,ok
273099_001360,proeve_LAAST,10,24,,ok
273099_001361,proeve_LAAST,88,14,,ok
273099_001362,proeve_LAAST,135,17,,ok
273099_001363,proeve_LAAST,14,23,,ok
273099_001364,proeve_LAAST,7,23,,ok
273099_001365,proeve_LAAST,20,23,,ok
273099_001366,proeve_LAAST,7,24,,ok
273100_001278,proeve_LAAST,29,23,,ok
273100_001279,proeve_LAAST,24,23,,ok
273100_001280,proeve_LAAST,10,22,,ok
273100_001281,proeve_LAAST,19,22,,ok
273100_001282,proeve_LAAST,16,22,,ok
273100_001283,proeve_LAAST,23,23,,ok
273100_001284,proeve_LAAST,15,22,,ok
273101_001099,proeve_LAAST,23,23,,ok
273101_001100,proeve_LAAST,44,20,,ok
273101_001101,proeve_LAAST,55,20,,ok
273101_001102,proeve_LAAST,11,23,,ok
273101_001103,proeve_LAAST,15,22,,ok
273101_001104,proeve_LAAST,11,22,,ok
273101_001105,proeve_LAAST,103,17,,ok
273101_001106,proeve_LAAST,37,23,,ok
273101_001107,proeve_LAAST,2,24,,ok
273101_001108,proeve_LAAST,14,23,,ok
273101_001109,proeve_LAAST,71,14,,ok
273102_001072,proeve_LAAST,14,23,,ok
273102_001073,proeve_LAAST,2,24,,ok
273102_001074,proeve_LAAST,19,20,,ok
273104_001559,proeve_LAAST,5,24,,ok
273104_001560,proeve_LAAST,8,23,,ok
273104_001561,proeve_LAAST,8,21,,ok
273104_001562,proeve_LAAST,11,24,,ok
273104_001563,proeve_LAAST,80,14,,ok
273104_001564,proeve_LAAST,9,24,,ok
273104_001565,proeve_LAAST,26,23,,ok
273104_001649,proeve_LAAST,65,15,,ok
273104_001650,proeve_LAAST,12,24,,ok
273104_001651,proeve_LAAST,30,21,,ok
273105_001628,proeve_LAAST,11,23,,ok
273105_001629,proeve_LAAST,25,19,,ok
273105_001630,proeve_LAAST,8,22,,ok
273105_001631,proeve_LAAST,49,17,,ok
273105_001632,proeve_LAAST,10,23,,ok
273105_001633,proeve_LAAST,57,19,,ok
273105_001634,proeve_LAAST,10,24,,ok
273106_001617,proeve_LAAST,13,24,,ok
273106_001618,proeve_LAAST,11,22,,ok
273106_001619,proeve_LAAST,129,16,,ok
273106_001620,proeve_LAAST,8,21,,ok
273106_001621,proeve_LAAST,7,20,,ok
273106_001622,proeve_LAAST,12,24,,ok
273106_001623,proeve_LAAST,15,23,,ok
273107_001883,proeve_LAAST,18,22,,ok
273107_001884,proeve_LAAST,1,21,,ok
273107_001885,proeve_LAAST,19,23,,ok
273107_001886,proeve_LAAST,7,21,,ok
273107_001887,proeve_LAAST,23,24,,ok
273107_001888,proeve_LAAST,14,23,,ok
273107_001889,proeve_LAAST,12,22,,ok
273108_001597,proeve_LAAST,6,23,,ok
273108_001598,proeve_LAAST,11,24,,ok
273108_001599,proeve_LAAST,120,15,,ok
273108_001600,proeve_LAAST,6,24,,ok
273108_001601,proeve_LAAST,10,24,,ok
273108_001602,proeve_LAAST,5,24,,ok
273108_001603,proeve_LAAST,49,24,,nabo_let
273108_001604,proeve_LAAST,5,24,,ok
273108_001605,proeve_LAAST,6,23,,ok
273108_001606,proeve_LAAST,6,23,,ok
273108_001607,proeve_LAAST,147,14,,ok
273108_001608,proeve_LAAST,13,24,,ok
273111_001366,proeve_LAAST,60,17,,ok
273111_001367,proeve_LAAST,7,21,,ok
273111_001368,proeve_LAAST,5,24,,ok
273112_001201,proeve_LAAST,12,21,,ok
273112_001202,proeve_LAAST,2,24,,ok
273112_001203,proeve_LAAST,43,21,,ok
273112_001204,proeve_LAAST,16,24,,ok
273112_001205,proeve_LAAST,6,22,,ok
273112_001206,proeve_LAAST,5,22,,ok
273112_001207,proeve_LAAST,40,23,,ok
273104_001637,selvhentet,20,22,,ok
273104_001638,selvhentet,38,15,,ok
273104_001639,selvhentet,44,17,,ok
273104_001640,selvhentet,125,14,,nabo
273104_001641,selvhentet,12,24,,ok
273104_001642,selvhentet,13,22,,ok
273104_001643,selvhentet,11,23,,ok
273104_001644,selvhentet,7,24,,ok
273104_001645,selvhentet,20,23,,ok
273104_001646,selvhentet,18,24,,ok
