billede,gruppe,recto_verso,bredde,afvigelse_px,ydre_baand,dom
273101_001105,proeve_LAAST,verso,2077,897,23/24,ok
273100_001310,oeve,verso,1292,108,18/24,ok
273103_001470,oeve,verso,1237,108,20/24,ok
273107_000971,ekstra_uden_facit,verso,1220,87,24/24,ok
273105_001716,oeve,recto,1249,74,24/24,ok
273107_001886,proeve_LAAST,recto,1207,73,24/24,ok
273099_000152,ekstra_uden_facit,verso,1192,70,24/24,ok
273105_001708,oeve,recto,1244,69,24/24,ok
273111_001380,oeve,verso,1247,68,24/24,ok
273108_001607,proeve_LAAST,verso,1259,68,24/24,ok
273103_001460,oeve,verso,1195,66,24/24,ok
273103_001471,oeve,recto,1243,64,22/24,ok
273025_000112,ekstra_uden_facit,verso,1307,62,24/24,ok
273024_000262,ekstra_uden_facit,verso,1211,60,24/24,ok
273104_001637,selvhentet,verso,1237,60,24/24,ok
273104_001640,selvhentet,recto,1247,57,24/24,nabo
273048_000910,ekstra_uden_facit,verso,1262,56,24/24,ok
273105_001712,oeve,recto,1228,53,24/24,ok
273104_001634,oeve,recto,1240,50,24/24,ok
273107_001887,proeve_LAAST,verso,1183,50,24/24,ok
273100_001311,oeve,recto,1240,49,23/24,ok
273101_001166,oeve,recto,1220,49,24/24,ok
273105_001710,oeve,recto,1224,49,24/24,ok
273059_000110,ekstra_uden_facit,verso,1293,48,21/24,ok
273110_001534,oeve,recto,1240,47,24/24,ok
273110_001533,oeve,verso,1226,46,24/24,ok
273108_001605,proeve_LAAST,verso,1237,46,24/24,ok
273106_001694,oeve,recto,1203,45,24/24,ok
273103_001464,oeve,verso,1173,44,24/24,ok
273105_001553,oeve,recto,1219,44,24/24,nabo_let
273107_001888,proeve_LAAST,recto,1178,44,24/24,ok
273104_001633,oeve,verso,1220,43,24/24,ok
273046_000350,ekstra_uden_facit,verso,1305,42,24/24,ok
273105_001711,oeve,verso,1202,41,19/24,ok
273105_001715,oeve,verso,1201,40,24/24,ok
273104_001642,selvhentet,recto,1230,40,24/24,ok
273106_001693,oeve,verso,1184,39,23/24,ok
273107_001885,proeve_LAAST,verso,1172,39,24/24,ok
37554_001498,oeve,recto,1183,38,24/24,ok
273105_001646,oeve,verso,1198,37,24/24,ok
273036_001330,ekstra_uden_facit,verso,1286,37,24/24,ok
273111_001381,oeve,recto,1225,35,24/24,ok
273101_001164,oeve,recto,1204,33,23/24,ok
273035_001018,ekstra_uden_facit,verso,1243,33,24/24,ok
273100_001295,oeve,recto,1223,32,24/24,ok
273100_001294,oeve,verso,1214,30,24/24,ok
273099_001340,ekstra_uden_facit,verso,1152,30,24/24,ok
273104_001641,selvhentet,verso,1206,29,24/24,ok
273103_001465,oeve,recto,1207,28,24/24,ok
273103_001461,oeve,recto,1205,26,24/24,ok
273109_000081,oeve,verso,1277,26,18/24,ok
37554_001413,oeve,verso,1193,26,24/24,ok
273069_000948,ekstra_uden_facit,verso,1318,25,24/24,ok
273108_001606,proeve_LAAST,recto,1210,25,24/24,ok
273104_001638,selvhentet,recto,1215,25,24/24,ok
273101_001168,oeve,recto,1194,23,24/24,ok
273100_001283,proeve_LAAST,recto,1214,23,24/24,ok
273100_001282,proeve_LAAST,verso,1206,22,24/24,ok
273067_001910,ekstra_uden_facit,verso,1307,21,24/24,ok
273108_001598,proeve_LAAST,recto,1206,21,24/24,ok
273086_000042,ekstra_uden_facit,verso,1294,20,24/24,ok
273098_001497,oeve,recto,1180,19,24/24,ok
273100_001297,oeve,recto,1210,19,24/24,ok
273103_001468,oeve,verso,1148,19,24/24,ok
273057_001382,ekstra_uden_facit,verso,1194,19,24/24,ok
273100_001298,oeve,verso,1202,18,24/24,ok
273100_001299,oeve,recto,1209,18,23/24,ok
273105_001709,oeve,verso,1179,18,24/24,ok
273111_001378,oeve,verso,1197,18,24/24,ok
273106_001345,ekstra_uden_facit,verso,1163,18,24/24,ok
273102_001073,proeve_LAAST,recto,1072,18,24/24,ok
273108_001601,proeve_LAAST,verso,1209,18,24/24,ok
273100_001306,oeve,verso,1201,17,24/24,ok
273105_001707,oeve,verso,1178,17,24/24,ok
273110_001532,oeve,recto,1210,17,24/24,ok
273108_001597,proeve_LAAST,verso,1208,17,24/24,ok
273108_001603,proeve_LAAST,verso,1208,17,24/24,nabo_let
273098_001509,oeve,recto,1177,16,24/24,ok
37554_001497,oeve,verso,1183,16,24/24,ok
273098_000446,ekstra_uden_facit,verso,1168,16,24/24,ok
273100_001279,proeve_LAAST,recto,1207,16,24/24,ok
273105_001628,proeve_LAAST,verso,1177,16,24/24,ok
273098_001513,oeve,recto,1176,15,24/24,ok
273100_001273,oeve,recto,1206,15,20/24,nabo_let
273111_001379,oeve,recto,1205,15,24/24,ok
273100_001296,oeve,verso,1198,14,24/24,ok
273100_001308,oeve,verso,1198,14,21/24,ok
273100_001278,proeve_LAAST,verso,1198,14,24/24,ok
273106_001617,proeve_LAAST,verso,1159,14,24/24,ok
273112_001203,proeve_LAAST,verso,1172,14,24/24,ok
273100_001309,oeve,recto,1204,13,19/24,ok
273105_001717,oeve,verso,1174,13,24/24,ok
273108_001602,proeve_LAAST,recto,1198,13,24/24,ok
273100_001300,oeve,verso,1196,12,24/24,ok
273104_001645,selvhentet,verso,1189,12,23/24,ok
273100_001303,oeve,recto,1202,11,24/24,ok
273103_001469,oeve,recto,1190,11,22/24,ok
273108_001553,oeve,verso,1202,11,24/24,ok
273085_000070,ekstra_uden_facit,verso,1282,11,24/24,ok
273099_001361,proeve_LAAST,recto,1126,11,24/24,ok
273101_001101,proeve_LAAST,verso,1191,11,24/24,ok
273098_001510,oeve,verso,1162,10,24/24,ok
273100_001302,oeve,verso,1194,10,24/24,ok
273101_001163,oeve,verso,1190,10,23/24,ok
273108_001608,proeve_LAAST,recto,1195,10,24/24,ok
273098_001512,oeve,verso,1161,9,24/24,ok
273101_001165,oeve,verso,1189,9,24/24,ok
273112_001207,proeve_LAAST,verso,1167,9,24/24,ok
273098_001505,oeve,recto,1169,8,24/24,ok
273107_001864,oeve,recto,1142,8,24/24,ok
273110_001525,oeve,verso,1188,8,24/24,ok
273101_001102,proeve_LAAST,recto,1179,8,24/24,ok
273111_001366,proeve_LAAST,verso,1187,8,24/24,ok
273098_001508,oeve,verso,1159,7,24/24,ok
273103_001436,oeve,verso,1136,7,24/24,ok
273102_001072,proeve_LAAST,verso,1060,7,24/24,ok
273112_001202,proeve_LAAST,recto,1156,7,24/24,ok
273105_001552,oeve,verso,1167,6,24/24,ok
273111_001374,oeve,verso,1185,6,24/24,ok
273106_001618,proeve_LAAST,recto,1164,6,24/24,ok
273107_001889,proeve_LAAST,verso,1139,6,24/24,ok
273098_001514,oeve,verso,1157,5,21/24,ok
273101_001167,oeve,verso,1185,5,24/24,ok
273104_001650,proeve_LAAST,recto,1195,5,24/24,ok
273099_001445,oeve,recto,1119,4,24/24,ok
273100_001276,oeve,verso,1188,4,24/24,ok
273099_001360,proeve_LAAST,verso,1126,4,24/24,ok
273102_001074,proeve_LAAST,verso,1057,4,24/24,ok
273108_001604,proeve_LAAST,recto,1189,4,21/24,ok
273098_001506,oeve,verso,1155,3,24/24,ok
273102_001069,oeve,recto,1057,3,24/24,ok
273104_001639,selvhentet,verso,1180,3,19/24,ok
273100_001307,oeve,recto,1193,2,24/24,ok
273105_001569,oeve,recto,1177,2,24/24,ok
273105_001574,oeve,verso,1163,2,24/24,ok
273104_001563,proeve_LAAST,verso,1179,2,24/24,ok
273111_001367,proeve_LAAST,recto,1192,2,24/24,ok
273099_001444,oeve,verso,1123,1,24/24,ok
273102_001068,oeve,verso,1054,1,24/24,ok
37554_001414,oeve,recto,1146,1,24/24,ok
37554_001415,oeve,verso,1168,1,24/24,ok
273098_001498,oeve,verso,1152,0,24/24,ok
273098_001501,oeve,recto,1161,0,24/24,ok
273098_001502,oeve,verso,1152,0,24/24,ok
273098_001511,oeve,recto,1161,0,24/24,ok
273100_001270,oeve,verso,1184,0,24/24,ok
273103_001437,oeve,recto,1179,0,24/24,ok
273105_001645,oeve,recto,1175,0,24/24,ok
273107_001865,oeve,verso,1133,0,24/24,ok
273109_000082,oeve,recto,1134,0,24/24,ok
273110_001526,oeve,recto,1193,0,24/24,ok
273110_001527,oeve,verso,1180,0,24/24,ok
37554_001492,oeve,recto,1145,0,24/24,ok
37554_001499,oeve,verso,1167,0,24/24,ok
273012_000882,ekstra_uden_facit,verso,1206,0,24/24,ok
273013_000954,ekstra_uden_facit,verso,1239,0,24/24,ok
273014_000780,ekstra_uden_facit,verso,1183,0,24/24,ok
273015_000616,ekstra_uden_facit,verso,1241,0,19/24,ok
273016_000364,ekstra_uden_facit,verso,1193,0,24/24,ok
273017_000200,ekstra_uden_facit,verso,1231,0,24/24,ok
273023_000884,ekstra_uden_facit,verso,1224,0,24/24,ok
273025_001784,ekstra_uden_facit,verso,1245,0,24/24,ok
273034_000808,ekstra_uden_facit,verso,1190,0,24/24,ok
273037_000562,ekstra_uden_facit,verso,1218,0,24/24,ok
273045_000840,ekstra_uden_facit,verso,1208,0,24/24,ok
273047_000580,ekstra_uden_facit,verso,1250,0,23/24,ok
273056_000952,ekstra_uden_facit,verso,1164,0,24/24,ok
273058_000692,ekstra_uden_facit,verso,1268,0,24/24,ok
273068_000711,ekstra_uden_facit,verso,1318,0,24/24,ok
273070_000212,ekstra_uden_facit,verso,1320,0,24/24,ok
273084_001224,ekstra_uden_facit,verso,1152,0,24/24,ok
273087_000496,ekstra_uden_facit,verso,1198,0,24/24,ok
273095_001478,ekstra_uden_facit,verso,1171,0,24/24,ok
273096_001232,ekstra_uden_facit,verso,1181,0,24/24,ok
273097_000899,ekstra_uden_facit,verso,1169,0,24/24,ok
273099_001362,proeve_LAAST,verso,1122,0,24/24,ok
273100_001280,proeve_LAAST,verso,1184,0,24/24,ok
273104_001565,proeve_LAAST,verso,1177,0,24/24,ok
273106_001619,proeve_LAAST,verso,1145,0,21/24,ok
273112_001206,proeve_LAAST,recto,1149,0,24/24,ok
273098_001500,oeve,verso,1151,-1,24/24,ok
273098_001504,oeve,verso,1151,-1,24/24,ok
273102_001070,oeve,verso,1052,-1,24/24,ok
273105_001568,oeve,verso,1160,-1,24/24,ok
273025_000904,ekstra_uden_facit,verso,1244,-1,24/24,ok
273098_001472,proeve_LAAST,verso,1151,-1,24/24,ok
273104_001649,proeve_LAAST,verso,1176,-1,24/24,ok
273112_001204,proeve_LAAST,recto,1148,-1,24/24,ok
273098_001496,oeve,verso,1150,-2,24/24,ok
273100_001271,oeve,recto,1189,-2,24/24,ok
273111_001371,oeve,recto,1188,-2,24/24,ok
273098_001499,oeve,recto,1158,-3,24/24,ok
273102_001065,oeve,recto,1051,-3,24/24,ok
273105_001554,oeve,verso,1158,-3,24/24,ok
273105_001572,oeve,verso,1158,-3,24/24,ok
273099_001363,proeve_LAAST,recto,1112,-3,24/24,ok
273101_001169,oeve,verso,1176,-4,24/24,ok
273102_001067,oeve,recto,1050,-4,24/24,ok
273107_001869,oeve,verso,1129,-4,24/24,ok
273108_001554,oeve,recto,1181,-4,24/24,ok
273106_001621,proeve_LAAST,verso,1141,-4,24/24,ok
273104_001646,selvhentet,recto,1186,-4,24/24,ok
273100_001269,oeve,recto,1186,-5,24/24,ok
273110_001531,oeve,verso,1175,-5,24/24,ok
273111_001375,oeve,recto,1185,-5,24/24,ok
273106_001622,proeve_LAAST,recto,1153,-5,24/24,ok
273103_001462,oeve,verso,1123,-6,24/24,ok
273105_001573,oeve,recto,1169,-6,24/24,ok
273111_001370,oeve,verso,1173,-6,24/24,ok
273100_001281,proeve_LAAST,recto,1185,-6,24/24,ok
273104_001651,proeve_LAAST,verso,1171,-6,24/24,ok
273105_001629,proeve_LAAST,recto,1169,-6,24/24,ok
273102_001066,oeve,verso,1046,-7,24/24,ok
273104_001635,oeve,verso,1170,-7,24/24,ok
273106_001695,oeve,verso,1138,-7,24/24,ok
273107_001863,oeve,verso,1126,-7,24/24,ok
273107_001866,oeve,recto,1127,-7,24/24,ok
273108_001538,oeve,recto,1178,-7,24/24,ok
273106_001620,proeve_LAAST,recto,1151,-7,24/24,ok
273100_001304,oeve,verso,1176,-8,24/24,ok
273102_001064,oeve,verso,1045,-8,24/24,ok
273107_001867,oeve,verso,1125,-8,24/24,ok
273110_001530,oeve,recto,1185,-8,24/24,ok
273101_001103,proeve_LAAST,verso,1172,-8,24/24,ok
273101_001106,proeve_LAAST,recto,1163,-8,24/24,ok
273112_001205,proeve_LAAST,verso,1150,-8,24/24,ok
273105_001644,oeve,verso,1152,-9,24/24,ok
273110_001529,oeve,verso,1171,-9,24/24,ok
273105_001630,proeve_LAAST,verso,1152,-9,24/24,ok
273105_001632,proeve_LAAST,verso,1152,-9,24/24,ok
273106_001623,proeve_LAAST,verso,1136,-9,24/24,ok
273104_001644,selvhentet,recto,1181,-9,24/24,ok
273100_001262,oeve,verso,1174,-10,24/24,ok
273107_001868,oeve,recto,1124,-10,24/24,ok
273108_001537,oeve,verso,1181,-10,24/24,ok
273108_001557,oeve,verso,1181,-10,24/24,ok
273108_001599,proeve_LAAST,verso,1181,-10,24/24,ok
273099_001446,oeve,verso,1111,-11,24/24,ok
273103_001442,oeve,verso,1118,-11,24/24,ok
37554_001496,oeve,recto,1134,-11,7/24,ok
273085_001208,ekstra_uden_facit,verso,1260,-11,24/24,ok
273100_001284,proeve_LAAST,verso,1173,-11,24/24,ok
273101_001104,proeve_LAAST,recto,1160,-11,24/24,ok
273101_001108,proeve_LAAST,recto,1160,-11,24/24,ok
273103_001438,oeve,verso,1117,-12,24/24,ok
273103_001440,oeve,verso,1117,-12,24/24,ok
273101_001107,proeve_LAAST,verso,1168,-12,24/24,ok
273100_001268,oeve,verso,1170,-14,24/24,ok
273098_001503,oeve,recto,1146,-15,24/24,ok
273104_001643,selvhentet,verso,1162,-15,24/24,ok
273100_001263,oeve,recto,1175,-16,24/24,ok
273100_001275,oeve,recto,1175,-16,24/24,ok
273103_001463,oeve,recto,1163,-16,24/24,ok
273108_001558,oeve,recto,1169,-16,24/24,ok
273098_001473,proeve_LAAST,recto,1145,-16,24/24,ok
273112_001201,proeve_LAAST,verso,1142,-16,24/24,ok
273099_001365,proeve_LAAST,recto,1098,-17,24/24,ok
273057_000498,ekstra_uden_facit,verso,1157,-18,24/24,ok
273105_001634,proeve_LAAST,verso,1143,-18,24/24,ok
273086_001346,ekstra_uden_facit,verso,1255,-19,24/24,ok
273107_001883,proeve_LAAST,verso,1114,-19,24/24,ok
273107_001884,proeve_LAAST,recto,1115,-19,10/24,ok
273100_001274,oeve,verso,1163,-21,24/24,ok
273100_001305,oeve,recto,1170,-21,24/24,ok
273105_001570,oeve,verso,1140,-21,24/24,ok
273067_000906,ekstra_uden_facit,verso,1265,-21,24/24,ok
273105_001633,proeve_LAAST,recto,1154,-21,24/24,ok
273099_001366,proeve_LAAST,verso,1099,-23,24/24,ok
273100_001258,oeve,verso,1160,-24,24/24,ok
273103_001441,oeve,recto,1155,-24,24/24,ok
273069_000072,ekstra_uden_facit,verso,1269,-24,12/24,ok
273099_001364,proeve_LAAST,verso,1098,-24,24/24,ok
273101_001109,proeve_LAAST,verso,1156,-24,24/24,ok
273109_000083,oeve,verso,1226,-25,24/24,ok
37554_001494,oeve,recto,1120,-25,21/24,ok
37554_001491,oeve,verso,1141,-26,24/24,ok
273101_001099,proeve_LAAST,verso,1154,-26,24/24,ok
273108_001600,proeve_LAAST,recto,1159,-26,24/24,ok
273100_001272,oeve,verso,1156,-28,24/24,ok
273103_001466,oeve,verso,1101,-28,24/24,ok
273105_001713,oeve,verso,1133,-28,24/24,ok
273105_001631,proeve_LAAST,recto,1147,-28,24/24,ok
273104_001564,proeve_LAAST,recto,1161,-29,24/24,ok
273111_001368,proeve_LAAST,verso,1148,-31,24/24,ok
273105_001571,oeve,recto,1143,-32,24/24,ok
273105_001714,oeve,recto,1143,-32,24/24,ok
273035_000244,ekstra_uden_facit,verso,1178,-32,24/24,ok
273098_001474,proeve_LAAST,verso,1120,-32,24/24,ok
273104_001559,proeve_LAAST,verso,1143,-34,24/24,ok
273108_001559,oeve,verso,1156,-35,24/24,ok
273108_001555,oeve,verso,1154,-37,12/24,ok
273036_000476,ekstra_uden_facit,verso,1212,-37,24/24,ok
273104_001561,proeve_LAAST,verso,1140,-37,24/24,ok
273108_001539,oeve,verso,1152,-39,24/24,ok
273108_001556,oeve,recto,1146,-39,24/24,ok
37554_001495,oeve,verso,1128,-39,24/24,ok
273101_001100,proeve_LAAST,recto,1132,-39,24/24,ok
273103_001467,oeve,recto,1139,-40,18/24,ok
37554_001493,oeve,verso,1127,-40,24/24,ok
273100_001259,oeve,recto,1150,-41,24/24,ok
273100_001267,oeve,recto,1149,-42,24/24,ok
273046_001269,ekstra_uden_facit,verso,1221,-42,24/24,ok
273100_001266,oeve,verso,1141,-43,24/24,ok
273111_001372,oeve,verso,1136,-43,24/24,ok
273100_001264,oeve,verso,1140,-44,24/24,ok
273103_001439,oeve,recto,1133,-46,24/24,ok
273059_001054,ekstra_uden_facit,verso,1198,-47,24/24,ok
273100_001265,oeve,recto,1141,-50,24/24,ok
273100_001260,oeve,verso,1132,-52,24/24,ok
273111_001376,oeve,verso,1127,-52,21/24,ok
273100_001261,oeve,recto,1137,-54,22/24,ok
273104_001560,proeve_LAAST,recto,1135,-55,24/24,ok
273048_000102,ekstra_uden_facit,verso,1150,-56,24/24,ok
273110_001528,oeve,recto,1136,-57,24/24,ok
273104_001562,proeve_LAAST,recto,1132,-58,24/24,ok
273024_001127,ekstra_uden_facit,verso,1092,-59,24/24,ok
273111_001377,oeve,recto,1112,-78,22/24,ok
